Workbook

Sheet 預覽網址
A1: 小窩預覽網址一覽
A2: 只需要修改黃色格（B3）：填入你的網站網址，結尾不要加 /。下面「完整網址」欄會自動組好。
A3: 網站網址 | B3: https://yician0830.github.io/BTSSUPPORT
A4: 假設：我不知道你的網域，B3 的 https://example.com 只是範例，請換成你自己的網址。
A6: 類別 | B6: 參數（?preview= 後面） | C6: 效果 | D6: 是否記在這台裝置 | E6: 完整網址
A7: 開放入口 | B7: room | C7: 開放小窩按鈕 | D7: 是（這台裝置） | E7: =IF($B$3="","",$B$3&"/?preview="&B7) -> https://yician0830.github.io/BTSSUPPORT/?preview=room
A8: 開放入口 | B8: room1all | C8: 全部解鎖 | D8: 否（只在這次開啟有效） | E8: =IF($B$3="","",$B$3&"/?preview="&B8) -> https://yician0830.github.io/BTSSUPPORT/?preview=room1all
A9: 開放入口 | B9: room2 | C9: 開放小窩按鈕，並直接開放練習室 | D9: 是（這台裝置） | E9: =IF($B$3="","",$B$3&"/?preview="&B9) -> https://yician0830.github.io/BTSSUPPORT/?preview=room2
A10: 開放入口 | B10: room2all | C10: 把練習室 13 件物品全部當成已解鎖 | D10: 否（只在這次開啟有效） | E10: =IF($B$3="","",$B$3&"/?preview="&B10) -> https://yician0830.github.io/BTSSUPPORT/?preview=room2all
A11: 開放入口 | B11: off | C11: 關掉 room 與 room2 記住的預覽 | D11: 會清除記住的預覽 | E11: =IF($B$3="","",$B$3&"/?preview="&B11) -> https://yician0830.github.io/BTSSUPPORT/?preview=off
A12: 節日與活動布置 | B12: 613 | C12: 6/13 出道紀念日當天 | D12: 否（只在這次開啟有效） | E12: =IF($B$3="","",$B$3&"/?preview="&B12) -> https://yician0830.github.io/BTSSUPPORT/?preview=613
A13: 節日與活動布置 | B13: 613w | C13: 紀念日週（6/13 之前，只有彩旗） | D13: 否（只在這次開啟有效） | E13: =IF($B$3="","",$B$3&"/?preview="&B13) -> https://yician0830.github.io/BTSSUPPORT/?preview=613w
A14: 節日與活動布置 | B14: 613a | C14: 紀念日週（6/13 之後，彩旗還沒收） | D14: 否（只在這次開啟有效） | E14: =IF($B$3="","",$B$3&"/?preview="&B14) -> https://yician0830.github.io/BTSSUPPORT/?preview=613a
A15: 節日與活動布置 | B15: hw | C15: 萬聖節 | D15: 否（只在這次開啟有效） | E15: =IF($B$3="","",$B$3&"/?preview="&B15) -> https://yician0830.github.io/BTSSUPPORT/?preview=hw
A16: 節日與活動布置 | B16: xmas | C16: 聖誕節 | D16: 否（只在這次開啟有效） | E16: =IF($B$3="","",$B$3&"/?preview="&B16) -> https://yician0830.github.io/BTSSUPPORT/?preview=xmas
A17: 節日與活動布置 | B17: ny | C17: 新年 | D17: 否（只在這次開啟有效） | E17: =IF($B$3="","",$B$3&"/?preview="&B17) -> https://yician0830.github.io/BTSSUPPORT/?preview=ny
A18: 節日與活動布置 | B18: vd | C18: 情人節 | D18: 否（只在這次開啟有效） | E18: =IF($B$3="","",$B$3&"/?preview="&B18) -> https://yician0830.github.io/BTSSUPPORT/?preview=vd
... A21: 節日與活動布置 | B21: eve | C21: 演唱會前一天 | D21: 否（只在這次開啟有效） | E21: =IF($B$3="","",$B$3&"/?preview="&B21) -> https://yician0830.github.io/BTSSUPPORT/?preview=eve
A22: 成員生日 | B22: bd-成員名 | C22: 生日當天 | D22: 否（只在這次開啟有效） | E22: 請看「成員生日」分頁
A23: 成員生日 | B23: bdw-成員名 | C23: 生日週（前幾天的彩旗和氣球） | D23: 否（只在這次開啟有效） | E23: 請看「成員生日」分頁
A24: 成員生日 | B24: bda-成員名 | C24: 生日隔天（留著氣球） | D24: 否（只在這次開啟有效） | E24: 請看「成員生日」分頁

Sheet 成員生日
A1: 成員生日預覽網址
A2: 網址會自動使用「預覽網址」分頁 B3 的網站網址。成員名要和程式裡的寫法一致。
A4: 成員 | B4: 生日當天（bd-） | C4: 生日週（bdw-） | D4: 生日隔天（bda-）
A5: RM | B5: =IF(預覽網址!$B$3="","",預覽網址!$B$3&"/?preview=bd-"&$A5) -> https://yician0830.github.io/BTSSUPPORT/?preview=bd-RM | C5: =IF(預覽網址!$B$3="","",預覽網址!$B$3&"/?preview=bdw-"&$A5) -> https://yician0830.github.io/BTSSUPPORT/?preview=bdw-RM | D5: =IF(預覽網址!$B$3="","",預覽網址!$B$3&"/?preview=bda-"&$A5) -> https://yician0830.github.io/BTSSUPPORT/?preview=bda-RM
A6: Jin | B6: =IF(預覽網址!$B$3="","",預覽網址!$B$3&"/?preview=bd-"&$A6) -> https://yician0830.github.io/BTSSUPPORT/?preview=bd-Jin | C6: =IF(預覽網址!$B$3="","",預覽網址!$B$3&"/?preview=bdw-"&$A6) -> https://yician0830.github.io/BTSSUPPORT/?preview=bdw-Jin | D6: =IF(預覽網址!$B$3="","",預覽網址!$B$3&"/?preview=bda-"&$A6) -> https://yician0830.github.io/BTSSUPPORT/?preview=bda-Jin
A7: SUGA | B7: =IF(預覽網址!$B$3="","",預覽網址!$B$3&"/?preview=bd-"&$A7) -> https://yician0830.github.io/BTSSUPPORT/?preview=bd-SUGA | C7: =IF(預覽網址!$B$3="","",預覽網址!$B$3&"/?preview=bdw-"&$A7) -> https://yician0830.github.io/BTSSUPPORT/?preview=bdw-SUGA | D7: =IF(預覽網址!$B$3="","",預覽網址!$B$3&"/?preview=bda-"&$A7) -> https://yician0830.github.io/BTSSUPPORT/?preview=bda-SUGA
A8: j-hope | B8: =IF(預覽網址!$B$3="","",預覽網址!$B$3&"/?preview=bd-"&$A8) -> https://yician0830.github.io/BTSSUPPORT/?preview=bd-j-hope | C8: =IF(預覽網址!$B$3="","",預覽網址!$B$3&"/?preview=bdw-"&$A8) -> https://yician0830.github.io/BTSSUPPORT/?preview=bdw-j-hope | D8: =IF(預覽網址!$B$3="","",預覽網址!$B$3&"/?preview=bda-"&$A8) -> https://yician0830.github.io/BTSSUPPORT/?preview=bda-j-hope
A9: Jimin | B9: =IF(預覽網址!$B$3="","",預覽網址!$B$3&"/?preview=bd-"&$A9) -> https://yician0830.github.io/BTSSUPPORT/?preview=bd-Jimin | C9: =IF(預覽網址!$B$3="","",預覽網址!$B$3&"/?preview=bdw-"&$A9) -> https://yician0830.github.io/BTSSUPPORT/?preview=bdw-Jimin | D9: =IF(預覽網址!$B$3="","",預覽網址!$B$3&"/?preview=bda-"&$A9) -> https://yician0830.github.io/BTSSUPPORT/?preview=bda-Jimin
A10: V | B10: =IF(預覽網址!$B$3="","",預覽網址!$B$3&"/?preview=bd-"&$A10) -> https://yician0830.github.io/BTSSUPPORT/?preview=bd-V | C10: =IF(預覽網址!$B$3="","",預覽網址!$B$3&"/?preview=bdw-"&$A10) -> https://yician0830.github.io/BTSSUPPORT/?preview=bdw-V | D10: =IF(預覽網址!$B$3="","",預覽網址!$B$3&"/?preview=bda-"&$A10) -> https://yician0830.github.io/BTSSUPPORT/?preview=bda-V
A11: Jungkook | B11: =IF(預覽網址!$B$3="","",預覽網址!$B$3&"/?preview=bd-"&$A11) -> https://yician0830.github.io/BTSSUPPORT/?preview=bd-Jungkook | C11: =IF(預覽網址!$B$3="","",預覽網址!$B$3&"/?preview=bdw-"&$A11) -> https://yician0830.github.io/BTSSUPPORT/?preview=bdw-Jungkook | D11: =IF(預覽網址!$B$3="","",預覽網址!$B$3&"/?preview=bda-"&$A11) -> https://yician0830.github.io/BTSSUPPORT/?preview=bda-Jungkook

Sheet 注意事項
A1: 使用上要注意的地方
A3: 1. 一次只能帶一個 ?preview= 參數，不能組合。
A4: 2. 這些參數只是打開入口和切換布置，不會解鎖第 1 間的物品；物品仍然要靠徽章。小窩 100% 才有的煙火、七人人影，用參數看不到。
A5: 3. 第 1 間目前沒有「全部解鎖」的預覽參數，只有練習室有 room2all。
A6: 4. 預覽跨年的煙火和粉紅檯燈，要先在視窗裡切到夜晚；檯燈還要先有那個物品並打開。
A7: 5. 要進練習室，除了 room2，一般情況要先完成第 1 間。
A8: 6. 只有 room 與 room2 會記在這台裝置上；其他參數只在這次開啟有效，不存任何東西。
